date,max_value,max_time,file_date,total_precip
1950-03-27,336.8337414685859,1950-03-26 17:00:00,1950-03-27,810.7573986053467
1950-04-04,2286.66563930192,1950-04-03 22:00:00,1950-04-04,1006.4983367919922
1950-12-06,12623.602979262305,1950-12-05 01:00:00,1950-12-06,888.9181613922119
1951-02-13,9049.629242888554,1951-02-12 19:00:00,1951-02-13,806.2317371368408
1951-04-11,1670.0249199439413,1951-04-10 09:00:00,1951-04-11,2023.9174365997314
1951-04-21,8806.192719460614,1951-04-20 22:00:00,1951-04-21,880.1245093345642
1951-05-07,3787.357402925763,1951-05-06 09:00:00,1951-05-07,890.1752829551697
1951-10-06,1369.33073379423,1951-10-05 13:00:00,1951-10-06,2317.9218769073486
1951-10-22,3166.686185301374,1951-10-21 22:00:00,1951-10-22,986.4327907562256
1951-11-06,1641.299929362718,1951-11-05 02:00:00,1951-11-06,844.8059558868408
1952-03-22,1757.4977145210771,1952-03-21 04:00:00,1952-03-22,1849.3218421936035
1952-04-09,7341.093378666312,1952-04-08 22:00:00,1952-04-09,1472.6377725601196
1952-04-10,7341.255058302949,1952-04-08 22:00:00,1952-04-10,1472.6377725601196
1952-05-17,5304.889198243047,1952-05-16 11:00:00,1952-05-17,2730.2699089050293
1952-09-02,880.0698015357509,1952-09-01 11:00:00,1952-09-02,853.8896441459656
1953-01-16,4933.288066980602,1953-01-15 04:00:00,1953-01-16,895.351767539978
1953-02-20,173.368125044222,1953-02-19 23:00:00,1953-02-20,1139.603853225708
1954-04-30,7030.040416097551,1954-04-29 21:00:00,1954-04-30,1124.7848272323608
1954-05-02,2085.33296002844,1954-05-01 09:00:00,1954-05-02,1461.323618888855
1955-02-20,1423.9519051069888,1955-02-18 15:00:00,1955-02-20,778.7703275680542
1955-04-13,6110.46062133846,1955-04-12 07:00:00,1955-04-13,2372.985363006592
1956-01-29,899.9424220182054,1956-01-29 11:00:00,1956-01-29,1794.7652339935303
1956-03-12,686.6435295595479,1956-03-11 23:00:00,1956-03-12,881.7946910858154
1956-04-03,1258.68602900059,1956-04-03 03:00:00,1956-04-03,1147.2527980804443
1958-05-09,1504.046124514509,1958-05-08 17:00:00,1958-05-09,1576.3568878173828
1959-01-15,408.1271523050176,1959-01-15 09:00:00,1959-01-15,1167.5924062728882
1959-03-05,767.5564650212937,1959-03-04 10:00:00,1959-03-05,825.385332107544
1959-03-15,723.5248195520369,1959-03-14 14:00:00,1959-03-15,881.8632364273071
1959-03-21,560.8366215885476,1959-03-20 03:00:00,1959-03-21,2259.413719177246
1959-03-26,2740.866951312583,1959-03-25 07:00:00,1959-03-26,2153.7258625030518
1960-01-15,2172.2682482698647,1960-01-14 10:00:00,1960-01-15,3665.7400131225586
1960-02-23,1469.7310734958855,1960-02-22 12:00:00,1960-02-23,885.8551979064941
1960-04-30,1857.038548280531,1960-04-29 09:00:00,1960-04-30,843.1408405303955
1960-05-20,2911.5515478399825,1960-05-19 21:00:00,1960-05-20,1160.8655452728271
1960-11-09,826.3388654759577,1960-11-08 22:00:00,1960-11-09,921.4295148849487
1961-05-02,11890.218535062902,1961-05-01 15:00:00,1961-05-02,743.7281608581543
1961-05-14,4496.907992546606,1961-05-14 01:00:00,1961-05-14,3694.05460357666
1961-09-04,7521.4495302997075,1961-09-03 02:00:00,1961-09-04,944.3349838256836
1961-10-30,2631.341429379259,1961-10-29 20:00:00,1961-10-30,1502.719759941101
1961-11-13,725.5402128037662,1961-11-12 19:00:00,1961-11-13,1516.2007808685303
1962-01-10,1767.4044246676924,1962-01-09 01:00:00,1962-01-10,1040.7941341400146
1962-09-20,7888.841468083145,1962-09-19 23:00:00,1962-09-20,768.6853408813477
1962-11-16,659.199855243703,1962-11-15 19:00:00,1962-11-16,1328.183889389038
1963-03-05,5102.454966464145,1963-03-04 01:00:00,1963-03-05,1080.8054208755493
1963-05-20,3925.679340994708,1963-05-19 16:00:00,1963-05-20,1053.648591041565
1963-11-01,1750.7585953295688,1963-10-31 13:00:00,1963-11-01,1084.2386484146118
1964-05-27,6203.93021723988,1964-05-27 01:00:00,1964-05-27,985.85045337677
1965-01-26,607.5469221831142,1965-01-25 17:00:00,1965-01-26,881.319522857666
1965-02-24,3969.8665178727056,1965-02-23 04:00:00,1965-02-24,865.1119470596313
1966-10-15,3756.5069864204033,1966-10-14 11:00:00,1966-10-15,2867.7978515625
1966-11-01,888.7113938178745,1966-10-31 19:00:00,1966-11-01,859.1111898422241
1967-03-26,3417.627591206318,1967-03-25 23:00:00,1967-03-26,787.4195575714111
1967-05-27,13558.302419787788,1967-05-26 23:00:00,1967-05-27,4416.155815124512
1967-10-30,1464.807266536635,1967-10-29 09:00:00,1967-10-30,1261.1132860183716
1967-11-03,1340.6775792086664,1967-11-02 13:00:00,1967-11-03,1105.1273345947266
1968-02-22,14083.828299585866,1968-02-21 01:00:00,1968-02-22,966.3605690002441
1968-04-04,7310.53904902511,1968-04-03 15:00:00,1968-04-04,1800.4335165023804
1968-10-17,8396.003707531354,1968-10-16 07:00:00,1968-10-17,1475.5268096923828
1969-03-03,2972.1509468415256,1969-03-02 04:00:00,1969-03-03,877.119243144989
1970-09-26,2365.18570949598,1970-09-25 00:00:00,1970-09-26,947.140097618103
1972-04-27,11936.34637379082,1972-04-26 01:00:00,1972-04-27,994.6514368057251
1973-04-08,2192.154157608442,1973-04-07 13:00:00,1973-04-08,2305.6936264038086
1973-12-19,3966.36820256994,1973-12-18 17:00:00,1973-12-19,2442.3303604125977
1974-04-04,1355.861609565413,1974-04-03 08:00:00,1974-04-04,2201.597213745117
1974-11-24,509.582392085433,1974-11-23 15:00:00,1974-11-24,1079.4264078140259
1975-03-28,6859.018651139574,1975-03-27 10:00:00,1975-03-28,1236.834168434143
1975-04-19,480.8769649785368,1975-04-18 10:00:00,1975-04-19,1559.8547458648682
1975-11-19,3353.691334353112,1975-11-19 02:00:00,1975-11-19,1652.4481773376465
1976-11-27,4512.333130694922,1976-11-26 19:00:00,1976-11-27,1344.2578315734863
1978-12-03,4111.234914840761,1978-12-02 04:00:00,1978-12-03,1079.4757604599
1979-01-14,3732.156154832264,1979-01-12 21:00:00,1979-01-14,1240.7991886138916
1979-05-31,2909.019429154445,1979-05-30 07:00:00,1979-05-31,1762.986660003662
1980-01-27,2938.756703810828,1980-01-26 08:00:00,1980-01-27,1236.8597984313965
1980-03-17,2730.708273296027,1980-03-16 18:00:00,1980-03-17,1199.995517730713
1980-09-10,4707.131602362412,1980-09-09 13:00:00,1980-09-10,3858.0751419067383
1982-05-06,1528.5775006606864,1982-05-05 17:00:00,1982-05-06,2260.82181930542
1983-03-16,832.570156292614,1983-03-15 17:00:00,1983-03-16,2530.4951667785645
1983-04-02,3227.5529671606087,1983-04-01 06:00:00,1983-04-02,1872.887372970581
1983-10-09,3549.0733652149133,1983-10-08 14:00:00,1983-10-09,840.4513001441956
1983-11-09,9409.773638531682,1983-11-08 23:00:00,1983-11-09,1666.7312383651733
1983-11-27,5678.670660681398,1983-11-26 17:00:00,1983-11-27,1558.6110353469849
1984-03-19,6047.044419866915,1984-03-18 13:00:00,1984-03-19,2621.474504470825
1986-04-04,1612.4429343187833,1986-04-03 11:00:00,1986-04-04,3819.2667961120605
1986-10-12,6078.806518405992,1986-10-11 12:00:00,1986-10-12,3783.069849014282
1987-10-15,1643.2157857488246,1987-10-14 12:00:00,1987-10-15,857.6395511627197
1988-03-03,1589.371897932987,1988-03-02 13:00:00,1988-03-03,960.0622653961182
1988-04-01,1076.9788070204731,1988-03-31 02:00:00,1988-04-01,993.7065243721008
1988-05-03,3304.1729477578683,1988-05-02 05:00:00,1988-05-03,1493.7596321105957
1988-09-13,2384.410140524677,1988-09-12 21:00:00,1988-09-13,1815.6566619873047
1988-12-08,1368.8473492417097,1988-12-07 23:00:00,1988-12-08,959.1319561004639
1989-03-21,3354.031183566987,1989-03-20 11:00:00,1989-03-21,1949.2857456207275
1989-11-02,303.7748016761691,1989-11-01 12:00:00,1989-11-02,890.0339603424072
1990-10-21,713.2372622971628,1990-10-20 12:00:00,1990-10-21,2956.5603733062744
1991-01-21,1653.5629766903874,1991-01-20 03:00:00,1991-01-21,875.5167722702026
1991-10-29,23762.68622678727,1991-10-28 19:00:00,1991-10-29,985.3500723838806
1992-03-10,743.5474134117172,1992-03-09 06:00:00,1992-03-10,2797.9273796081543
1993-04-04,1986.4992347850923,1993-04-03 12:00:00,1993-04-04,1837.7199172973633
1993-10-30,1170.9253134268845,1993-10-29 08:00:00,1993-10-30,1926.4811277389526
1994-04-06,5194.645780074843,1994-04-05 02:00:00,1994-04-06,768.6409950256348
1995-05-18,1967.8263915705293,1995-05-17 10:00:00,1995-05-18,4359.078884124756
1995-09-22,10572.947137097011,1995-09-20 22:00:00,1995-09-22,1799.94535446167
1995-10-24,6759.635377616699,1995-10-23 02:00:00,1995-10-24,1946.4478492736816
1995-11-11,3464.1748826536573,1995-11-10 19:00:00,1995-11-11,914.5990014076233
1996-03-15,583.7702175327024,1996-03-14 10:00:00,1996-03-15,1585.4557752609253
1996-03-25,7867.049934657874,1996-03-24 09:00:00,1996-03-25,1032.6229333877563
1996-04-29,640.5098024542623,1996-04-28 06:00:00,1996-04-29,1159.7504615783691
1996-12-18,2550.932021174824,1996-12-17 01:00:00,1996-12-18,1032.2842597961426
1997-10-13,13922.643499985434,1997-10-12 10:00:00,1997-10-13,3652.1992683410645
1997-10-26,10285.669736021318,1997-10-25 05:00:00,1997-10-26,5150.562763214111
1999-02-12,11874.98411508658,1999-02-11 03:00:00,1999-02-12,853.3473014831543
2000-05-01,13318.118643226842,2000-04-30 08:00:00,2000-05-01,3469.6602821350098
2001-05-03,4328.927348565456,2001-05-02 15:00:00,2001-05-03,823.1498599052429
2001-11-09,2935.308904707554,2001-11-08 04:00:00,2001-11-09,990.4673099517822
2002-10-03,9917.358177642893,2002-10-02 07:00:00,2002-10-03,1479.3150424957275
2004-05-14,5507.831101379168,2004-05-13 08:00:00,2004-05-14,1502.1727085113525
2004-11-02,1329.1820960519278,2004-11-01 09:00:00,2004-11-02,1538.2318496704102
2005-11-16,2497.328591355791,2005-11-15 05:00:00,2005-11-16,989.15696144104
2006-03-09,1221.39708616683,2006-03-08 22:00:00,2006-03-09,767.4857974052429
2006-04-25,7872.84377407709,2006-04-24 13:00:00,2006-04-25,1000.5515813827515
2007-10-22,932.2494622801872,2007-10-21 09:00:00,2007-10-22,802.0172715187073
2008-05-02,1683.994003485249,2008-05-01 18:00:00,2008-05-02,889.7790908813477
2008-12-10,686.6167549116811,2008-12-09 09:00:00,2008-12-10,1063.0528926849365
2009-04-05,2059.9810669524886,2009-04-04 17:00:00,2009-04-05,1083.959937095642
2009-09-22,2768.639738021889,2009-09-21 18:00:00,2009-09-22,1532.19473361969
2011-01-01,7787.823185099261,2010-12-31 00:00:00,2011-01-01,1116.512417793274
2011-02-09,1707.4269616004042,2011-02-08 09:00:00,2011-02-09,903.7148952484131
2011-11-03,1454.6895346535418,2011-11-02 06:00:00,2011-11-03,1466.904640197754
2012-11-12,1694.180681882384,2012-11-10 22:00:00,2012-11-12,797.8036999702454
2013-04-10,7532.75198302607,2013-04-09 09:00:00,2013-04-10,1189.1597509384155
2013-04-11,535.7293233561485,2013-04-09 09:00:00,2013-04-11,1189.1597509384155
2013-05-02,5603.498847881703,2013-05-01 09:00:00,2013-05-02,1007.7934265136719
2013-11-22,7909.4028376664755,2013-11-21 11:00:00,2013-11-22,904.5015573501587
2014-02-01,1150.3819551446456,2014-01-31 05:00:00,2014-02-01,1147.7115154266357
2014-02-21,1279.452409922474,2014-02-20 07:00:00,2014-02-21,793.5470342636108
2014-04-28,893.5865573586855,2014-04-27 10:00:00,2014-04-28,798.4926700592041
2015-11-12,284.6029783904059,2015-11-11 15:00:00,2015-11-12,1440.5566453933716
2016-03-24,2414.064271128227,2016-03-23 18:00:00,2016-03-24,3001.330852508545
2017-10-10,8485.510058519321,2017-10-09 08:00:00,2017-10-10,1408.773422241211
2018-01-12,7015.151861494579,2018-01-11 05:00:00,2018-01-12,955.9013843536377
2018-04-14,1524.653794697124,2018-04-13 10:00:00,2018-04-14,938.0402565002441
2018-10-15,16888.019883113993,2018-10-14 08:00:00,2018-10-15,761.0242962837219
2019-01-23,1613.7519925326053,2019-01-22 07:00:00,2019-01-23,804.0316104888916
2019-04-12,3166.5855367059403,2019-04-11 01:00:00,2019-04-12,1294.9402332305908
2020-09-09,16842.58167079466,2020-09-08 06:00:00,2020-09-09,1190.7540559768677
2022-12-14,1187.44409419007,2022-12-13 18:00:00,2022-12-14,981.0323715209961
